"site_id","lat","lon"
"c2cafbdc-9b19-47c9-9424-d9d73b3bbe08",35.3620810931316,-114.82439201811
"cb546cb4-2967-416f-953e-6249676c2c48",35.3620810931316,-114.82439201811
"48ff0b3c-b870-4de2-810d-f81d06d4511c",35.3620810931316,-114.82439201811
"1c2d9309-a979-4e5a-9334-0fec97707f07",35.3620810931316,-114.82439201811
"bc885f4b-1dd6-4b2d-b918-c8b91398719b",35.3620810931316,-114.82439201811
"f7341f42-b8eb-495a-8555-84ad23658911",35.3620810931316,-114.82439201811
"6dd37ad3-a4c4-4181-9300-7d8a1c6d4b30",35.3620810931316,-114.82439201811
"f8e8a244-847a-4119-8e25-130ae0ca3118",35.3620810931316,-114.82439201811
"62befa36-2103-48f1-aca7-2027fa60557a",35.3620810931316,-114.82439201811
"76898c72-3352-482c-bb1c-10ad365d7b19",35.3620810931316,-114.82439201811
"debcb790-7bcc-411b-b7b1-fb8c6258ac83",35.3620810931316,-114.82439201811
"0eccbd9e-cdb0-45d1-9966-f89aecf108c5",35.3620810931316,-114.82439201811
"3a22a1ee-c164-4ad9-9023-a71c584ad53a",35.3620810931316,-114.82439201811
"5da30ae3-cf04-4f82-9028-8188cfec203e",35.3620810931316,-114.82439201811
"544de001-c44b-41d9-92e5-e8ef9ef2e601",35.3620810931316,-114.82439201811
"f5d3db45-2bc3-46b7-ae38-e88aef9d22e3",35.3620810931316,-114.82439201811
"164927c6-21dc-4d71-920c-f5ec99d82a33",35.3620810931316,-114.82439201811
"1cef396b-f4bd-451c-8213-4bfa384b8986",35.3620810931316,-114.82439201811
"c803d677-e511-4fd2-af9e-9fa50a6aa34b",35.3620810931316,-114.82439201811
"fb5d7df7-a83c-4802-93eb-f0e1ee14895d",35.3620810931316,-114.82439201811
"bdc353ea-9643-4e61-9854-235511352e4a",35.3620810931316,-114.82439201811
"61f2f394-949e-4e3b-9e4c-1145f08ae4e5",35.3620810931316,-114.82439201811
"e8ece41e-3e70-4ea4-ae11-3e3b09877e26",35.3620810931316,-114.82439201811
"00a1cd0c-5a1d-4903-beff-d18e3a6b85b3",35.3620810931316,-114.82439201811
"a81d3c2f-cf8f-416e-b7db-b8ba70be5cfd",35.3620810931316,-114.82439201811
"6ad88e7c-32ce-4aa5-a1a4-e6a899e39ecb",35.3620810931316,-114.82439201811
"13e0e81c-e87e-49dd-94fd-d5623d4f4fb4",35.3620810931316,-114.82439201811
"539509ef-c0a1-4a78-b192-ceb8a8c82794",35.3620810931316,-114.82439201811
"323695fe-7b35-44cf-a5e8-886a0bffebef",35.3620810931316,-114.82439201811
"262c7f95-712d-4928-bbef-21c1b1b79422",35.3620810931316,-114.82439201811
"6a840ddf-fb14-4d91-89ed-e3f454fb86c0",35.3620810931316,-114.82439201811
"f0e8daea-e525-4b82-a42c-485b79f2b561",35.3620810931316,-114.82439201811
"dac695c3-f814-48a7-98d4-3a4d62203054",35.3620810931316,-114.82439201811
"d4c9948f-44ac-406c-8d9a-bc7c4a45c29b",35.3620810931316,-114.82439201811
"3ed54680-877d-44c5-bb52-6665cf27eb97",35.3620810931316,-114.82439201811
"704dca3f-ede3-4c70-89f9-0ba35d9ea311",35.3620810931316,-114.82439201811
"ff24dee2-f360-4c69-9f71-c84ceaf87656",35.3620810931316,-114.82439201811
"2f61bfb3-17d4-4cdb-a9e9-93a542301cf6",35.3620810931316,-114.82439201811
"4e142bb4-4a2d-4685-b8d9-2020847995e9",35.3620810931316,-114.82439201811
"a68fb879-2b0b-4f16-83bb-6cc7c23569bd",35.3620810931316,-114.82439201811
"8ea5f88a-fe4d-4588-9986-244c2c1d271c",35.3620810931316,-114.82439201811
"373e267e-b7fd-4493-9056-1d208036d560",35.3620810931316,-114.82439201811
"c5c48909-9dc2-4fc2-8baf-b50cc358917e",35.3620810931316,-114.82439201811
"0a2dbab4-4201-4676-a01c-1de797cbab6d",35.3620810931316,-114.82439201811
"8848ff18-13bb-41ee-841d-c219724f4ef1",35.3620810931316,-114.82439201811
"989bf550-6008-4adf-bbd7-c1d48aeff501",35.3620810931316,-114.82439201811
"b4c1c4ea-06ae-4714-bcc4-2cc07d6f668a",35.3620810931316,-114.82439201811
"c789a635-062f-4b05-bd31-a8f557cf5d1d",35.3620810931316,-114.82439201811
"d30f386b-d2b5-4ef1-ba29-57e19c2274d1",35.3620810931316,-114.82439201811
"c12ba3f9-63b5-43c4-94df-22c8a593cd7a",35.3620810931316,-114.82439201811
"05bcc519-08d2-4602-b2dd-c4921cb46565",35.3620810931316,-114.82439201811
"e049047d-e4d3-4aaf-a89e-6f68d196c66c",35.3620810931316,-114.82439201811
"c8e39fe5-96d4-4bb0-8afd-8420e278c12c",35.3620810931316,-114.82439201811
"1ce338b4-afbd-4eb9-a648-51be961759d2",35.3620810931316,-114.82439201811
"3bfc37ba-d5d8-4efa-b393-bc3e5a9c849a",35.3620810931316,-114.82439201811
"877e28e3-f34e-4643-a5bb-2a911f4ab452",35.3620810931316,-114.82439201811
"e0201454-0717-417a-ad03-f70618a120ff",35.3620810931316,-114.82439201811
"023d35eb-aa6e-4993-a60a-a4c5c2f44048",35.3620810931316,-114.82439201811
"ebafd4d6-5438-4336-aa85-059ba630d6d3",35.3620810931316,-114.82439201811
"ee9c0a19-6059-4b33-a35b-d16016355000",35.3620810931316,-114.82439201811
"b264167b-01c3-4dc3-b842-7ae08751d0f1",35.3620810931316,-114.82439201811
"60c6b870-6efa-4753-ade3-45d423084a37",35.3620810931316,-114.82439201811
"c5b4e762-e3eb-4c94-bc72-8bbfca9cfbf9",35.3620810931316,-114.82439201811
"046b0cf2-bfb2-4912-9ef9-0d620cf0c533",35.3620810931316,-114.82439201811
"6edee84e-e2d3-41a4-b15d-3db42abc2618",35.3620810931316,-114.82439201811
"25952409-49b8-4c64-aadc-0c99a45c5a2c",35.3620810931316,-114.82439201811
"2270184e-994c-43ae-ae36-3fb871d389b6",35.3620810931316,-114.82439201811
"a9e41c08-ba4f-4800-afd4-27b34273e80b",35.3620810931316,-114.82439201811
"b5e69f25-0956-499e-b33d-1a95649e2066",35.3620810931316,-114.82439201811
"b74e775f-1c63-4abd-b89e-abcf32a2c7a5",35.3620810931316,-114.82439201811
"d23509cf-b57e-4b84-8eb6-87af8ea3d54f",35.3620810931316,-114.82439201811
"44650373-62c0-479c-a7b2-244921549868",35.3620810931316,-114.82439201811
"a4bb6d9a-e59c-4ba5-ae31-39cb2b6d9ef1",35.3620810931316,-114.82439201811
"3c4635aa-103f-45eb-8b11-1af402e80618",35.3620810931316,-114.82439201811
"d2dd8740-8e15-4581-99cf-192279b155c5",35.3620810931316,-114.82439201811
"d39d51a4-e4f3-4209-9c53-c0b2e56a3376",35.3620810931316,-114.82439201811
"851a5392-e4e2-4c07-a67a-47918e934f27",35.3620810931316,-114.82439201811
"d132c79e-5738-4c9a-bc2f-0e68511f5512",35.3620810931316,-114.82439201811
"5b2db983-e067-4d64-93fe-e4009386c871",35.3620810931316,-114.82439201811
"7bfc3082-783b-4d96-a7b1-466f9aac5a41",35.3620810931316,-114.82439201811
"a33bf6a5-03a6-4420-9fee-d8ba3ae3b624",35.3620810931316,-114.82439201811
"7bdbe891-6f34-49d6-9897-535cccebdcd4",35.3620810931316,-114.82439201811
"34cd766a-8654-48ce-b3ea-c0e231dd67f6",35.3620810931316,-114.82439201811
"1ac948ef-8373-4db8-b2b7-8191cf2b58c6",35.3620810931316,-114.82439201811
"67fc8b32-0c21-4930-b97e-05e22945287c",35.3620810931316,-114.82439201811
"d31772f0-d6d7-43fc-a240-d013b14629b2",35.3620810931316,-114.82439201811
"e28b39e6-7e62-40a4-96d7-9dd64b5c41d4",35.3620810931316,-114.82439201811
"dfc0b7a8-1156-496f-ba31-b922d8073b68",35.3620810931316,-114.82439201811
"587e64e6-a787-4756-8fbe-b3bc32c37621",35.3620810931316,-114.82439201811
"b65f79fb-fe5d-4c60-80d5-08367a8dcd9c",35.3620810931316,-114.82439201811
"ffb16a8d-ef42-4904-84c9-4564fcce2ca0",35.3620810931316,-114.82439201811
"369f9fd3-3043-4540-bfaa-89c2864b2a0e",35.3620810931316,-114.82439201811
"c2956752-1fc3-4ab0-917f-07f16372b604",35.3620810931316,-114.82439201811
"f52dbecc-ce61-4751-81aa-cdd31217f78a",35.3620810931316,-114.82439201811
"f126e8bf-f034-4818-9405-f73402c20408",35.3620810931316,-114.82439201811
"dc1b5691-2a09-4775-b373-3b80f88b7c46",35.3620810931316,-114.82439201811
"2f404467-4d88-48a2-ae1b-fa72ad86ad52",35.3620810931316,-114.82439201811
"1f6355fd-71b4-4951-99d0-1df2cf1425df",35.3620810931316,-114.82439201811
"8902ca71-42c2-4bf0-945a-a15b07357d91",35.3620810931316,-114.82439201811
"31122338-22ff-4e30-a712-ee322709e836",35.3620810931316,-114.82439201811
"6833ebfa-8d11-4181-bc54-530feb0a17a7",35.3620810931316,-114.82439201811
"e3145491-01f0-4c62-baae-c014a34acf1b",35.3620810931316,-114.82439201811
"a99f89da-04ed-4f57-b9f2-4f7fc7baffd6",35.3620810931316,-114.82439201811
"91492313-b0f2-4b0b-9f49-f420bc9db0bb",35.3620810931316,-114.82439201811
"72798e1f-9420-40bd-985f-1d3d1f05ab93",35.3620810931316,-114.82439201811
"df66630d-2807-4be0-9c2b-4a5bcca953b6",35.3620810931316,-114.82439201811
"58d47c6d-6948-49db-aa13-c58830e7ea95",35.3620810931316,-114.82439201811
"0b2a3969-222b-43be-a193-3fd475c2de37",35.3620810931316,-114.82439201811
"7adcd1ca-a858-4296-b40f-d9f51ae0d71c",35.3620810931316,-114.82439201811
"2cc91eeb-3272-495d-a60e-af5543afc013",35.3620810931316,-114.82439201811
"1bb4ab41-f599-4141-a093-b67b85d1d976",35.3620810931316,-114.82439201811
"437fa348-76bf-45bc-953d-0b72c5753ac6",35.3620810931316,-114.82439201811
"5482dfc4-0e84-4e12-818b-8d737972034b",35.3620810931316,-114.82439201811
"b87b8a22-c6dd-4613-87b8-5a45efb18d2f",35.3620810931316,-114.82439201811
"67e03049-d2f8-4770-87db-aee65e02dbfd",35.3620810931316,-114.82439201811
"62c93557-e16e-409e-b033-e6dc36f8dc5a",35.3620810931316,-114.82439201811
"826154fd-fdf7-460c-ad36-fb48c0d1bd0c",35.3620810931316,-114.82439201811
"40aba6ab-89f5-4f41-afbe-44ffaaa3470f",35.3620810931316,-114.82439201811
"bbdc0a48-a381-4b30-a8b6-9c7065e1320c",35.3620810931316,-114.82439201811
"f2f50ef4-d874-4b31-89da-2e41f53ffe36",35.3620810931316,-114.82439201811
"231a5f90-2196-4723-bd92-9e60d15478f5",35.3620810931316,-114.82439201811
"e037b718-0b2d-499c-ac9c-e711899b7b4c",35.3620810931316,-114.82439201811
"8e3d77c8-b0a6-40e6-8e4c-4a60535604ce",35.3620810931316,-114.82439201811
"e8ab08dd-dfe0-4129-86e3-7efedd70091a",35.3620810931316,-114.82439201811
"fcd67283-93a8-4be8-8ccd-98f87a243c5d",35.3620810931316,-114.82439201811
"916c8fc2-657f-4168-ae49-2a4abc8de0fe",35.3620810931316,-114.82439201811
"c1b555eb-c91b-477c-a5f1-cc7e2a07f606",35.3620810931316,-114.82439201811
"8c34dc7d-c709-4e49-90eb-00d26aef7307",35.3620810931316,-114.82439201811
"bf7274cb-6e8d-4d5c-924d-f4471edb9118",35.3620810931316,-114.82439201811
"a0175eec-ee54-4a9f-80a1-33000e9de240",35.3620810931316,-114.82439201811
"b32c6d8f-ea9a-4501-ab34-0332eff157c5",35.3620810931316,-114.82439201811
"d4e6fbb4-ed01-4cef-ae3f-6b0008ed8717",35.3620810931316,-114.82439201811
"a86289fc-04e6-4e38-bb53-b324de77c46b",35.3620810931316,-114.82439201811
"b20a331f-94fb-43c4-aef0-d1586850d924",35.3620810931316,-114.82439201811
"4a1a2867-5d48-4a0d-ad01-d8404dcf2d79",35.3620810931316,-114.82439201811
"3f494be0-e5f9-428f-9f91-527314d406ee",35.3620810931316,-114.82439201811
"5c8615ab-966b-4d07-b1c1-ef358ef79bf9",35.3620810931316,-114.82439201811
"8b48f808-1a88-48b4-becd-afa3eb001671",35.3620810931316,-114.82439201811
"22a428a3-1059-43ff-ba0f-78b886755ad7",35.3620810931316,-114.82439201811
"3976dba3-02f8-4b9e-88ec-ed002850dcc1",35.3620810931316,-114.82439201811
"3771de01-eac8-4c1b-a817-2fa5a71e5004",35.3620810931316,-114.82439201811
"9e753c00-f166-4f5e-9976-ea32b91400fa",35.3620810931316,-114.82439201811
"b087784f-bc90-4291-95f2-9c57069c9fd9",35.3620810931316,-114.82439201811
"60696694-58cd-4a6f-b9e1-a2b63894cb2a",35.3620810931316,-114.82439201811
"a741579c-512f-469d-87a3-1bd5c9fd4e6b",35.3620810931316,-114.82439201811
"52867637-486b-4f72-a117-72f9a57d8be3",35.3620810931316,-114.82439201811
"b0c5c101-42d6-4229-93ae-28a3367794bb",35.3620810931316,-114.82439201811
"45cfed2a-bb54-4180-b88e-84e3bcb666d8",35.3620810931316,-114.82439201811
"f0b3f834-47d2-45af-ad23-4752a9a41dc7",35.3620810931316,-114.82439201811
"c81ec522-11e0-492c-8b48-29325f5f3fa2",35.3620810931316,-114.82439201811
"3838dff4-d887-4397-b225-4dda692a386a",35.3620810931316,-114.82439201811
"e454ba67-ee96-4d26-9c36-dd3068b48731",35.3620810931316,-114.82439201811
"bb387a0f-1428-49c1-b920-d0fdf4144766",35.3620810931316,-114.82439201811
"80cc30ec-715d-470c-8c3c-0e89e377dc93",35.3620810931316,-114.82439201811
"5234773c-2c2c-4531-aed1-6423aa345fa5",35.3620810931316,-114.82439201811
"04767150-84a4-4a3f-9f82-0a904f2ca9a5",35.3620810931316,-114.82439201811
"a9e24e37-48fc-4f42-af2c-6701ea763c07",35.3620810931316,-114.82439201811
"07e2e272-237f-4897-9ac4-2e580ae33654",35.3620810931316,-114.82439201811
"711f39fd-910c-4114-8e19-a16c7b5b45d2",35.3620810931316,-114.82439201811
"7d639cc3-7149-4c90-958d-f0ac5719d210",35.3620810931316,-114.82439201811
"63a8b3fd-2ccc-4caf-a8c4-f3b8cb618da5",35.3620810931316,-114.82439201811
"861d9b60-4841-4718-8ffe-e7c8aefb2a6d",35.3620810931316,-114.82439201811
"b7dd4e07-0b93-48df-bfe2-7120509523dc",35.3620810931316,-114.82439201811
"4097c014-2c09-4f53-be39-b438c4b14eed",35.3620810931316,-114.82439201811
"173364c9-882d-439f-8c51-a7aa297760fe",35.3620810931316,-114.82439201811
"f4b67488-287f-4a5f-b78b-28aa33b99ee4",35.3620810931316,-114.82439201811
"3cd0d993-7f4d-43c2-96d8-27dd693f7471",35.3620810931316,-114.82439201811
"95dd483c-0a37-483d-8eb0-de61ef5a1eec",35.3620810931316,-114.82439201811
"cebd9e0b-d9ed-44a4-a34c-ec09d7532bb4",35.3620810931316,-114.82439201811
"2bb96929-4a48-4deb-a773-62305765dade",35.3620810931316,-114.82439201811
"43cce17b-6f59-4325-986d-74a7d38b6fd7",35.3620810931316,-114.82439201811
"4ed8baa5-c230-4442-9b94-1f5771fcd4f9",35.3620810931316,-114.82439201811
"250e7a5f-0e20-4208-beb8-b534c9ab6620",35.3620810931316,-114.82439201811
"e1a2d95d-d65e-4f08-8799-bb4a64546579",35.3620810931316,-114.82439201811
"3d48500f-98ac-4806-aa58-618ccbf88597",35.3620810931316,-114.82439201811
"6fc2d65f-f34f-4034-b190-54ed2499c65a",35.3620810931316,-114.82439201811
"71aca495-ce16-4098-8383-0a81afbc8ed6",35.3620810931316,-114.82439201811
"f2704b07-5a65-48da-8966-87b347f2414e",35.3620810931316,-114.82439201811
"28af78b7-90fe-4835-bd5a-ccf739d85b50",35.3620810931316,-114.82439201811
"b5f9e115-3414-4de7-92cf-5d8cbb2b4a7a",35.3620810931316,-114.82439201811
"8e05c8eb-9223-4bec-92eb-93f293744b31",35.3620810931316,-114.82439201811
"cc9f27c9-940f-474c-aa67-c790b7b01b09",35.3620810931316,-114.82439201811
"72ba929f-1fa3-48e6-9565-9676d7294be2",35.3620810931316,-114.82439201811
"877cfcbe-0fca-4784-8ada-989a1b742f48",35.3620810931316,-114.82439201811
"8f00931b-e99e-45f7-ae9d-9bca06538739",35.3620810931316,-114.82439201811
"d230c65e-881e-496f-a5b3-306f1ef3af7d",35.3620810931316,-114.82439201811
"df347927-568b-4a10-8139-4a45ead843fb",35.3620810931316,-114.82439201811
"5bdf1f18-4eef-4e94-a70f-4c1f5ea53503",35.3620810931316,-114.82439201811
"73bc96d5-50d2-4c1f-b361-27a42159b37b",35.3620810931316,-114.82439201811
"3d15f137-4c27-424a-9c60-c967989b2e99",35.3620810931316,-114.82439201811
"85fe19fe-a8b2-4106-abe7-12fcdf136868",35.3620810931316,-114.82439201811
"364dcff2-d1df-44f6-9cca-e632047c732a",35.3620810931316,-114.82439201811
"ce67997d-1237-4f06-82d3-bc893b32a147",35.3620810931316,-114.82439201811
"b9c0108e-c403-4823-852b-2af006db599a",35.3620810931316,-114.82439201811
"2fb4bb4c-dce2-4b07-8030-c11bb3a2ae0b",35.3620810931316,-114.82439201811
"5af3269c-7dfa-42b4-8178-5b14093243ca",35.3620810931316,-114.82439201811
"18dcd34a-4fca-4fbc-8514-e667cf6c8835",35.3620810931316,-114.82439201811
"31fc3165-f293-417f-9838-5c38eaa3bc6e",35.3620810931316,-114.82439201811
"429d5481-7f36-425c-9eda-6e56061433d7",35.3620810931316,-114.82439201811
"e947394c-9c43-4a51-af1a-c55e4d4b4f5a",35.3620810931316,-114.82439201811
"64aec309-1f5e-4bda-a360-b70624d8838a",35.3620810931316,-114.82439201811
"f3508a84-c7a1-4df3-bae1-70ad00c22e6d",35.3620810931316,-114.82439201811
"fff1438b-22c4-4605-a630-5925edd18f11",35.3620810931316,-114.82439201811
"7233a4a5-4342-454b-af1f-8246885fbbe7",35.3620810931316,-114.82439201811
"911c03ec-3928-49c5-a35e-1574ab4cebf8",35.3620810931316,-114.82439201811
"150ea339-2ace-408f-8845-4bd97da9574e",35.3620810931316,-114.82439201811
"0262ccc9-e7fb-46ca-9999-820a5412d03e",35.3620810931316,-114.82439201811
"b15034e1-3a5c-41c9-ab64-5152ff8ca18b",35.3620810931316,-114.82439201811
"55eaa5c3-da3d-4b5a-9bb5-00061eb0bfe5",35.3620810931316,-114.82439201811
"41df68d0-0283-447d-ab50-68fdb2145716",35.3620810931316,-114.82439201811
"9d1da130-975e-4729-834f-d1dbfd103c36",35.3620810931316,-114.82439201811
"e9315e42-aa83-4597-9f27-3a3f888c31a5",35.3620810931316,-114.82439201811
"e0449bcb-c82b-4e78-9427-8f5a887bb371",35.3620810931316,-114.82439201811
"88c95343-ed10-4189-984e-e9453c74de64",35.3620810931316,-114.82439201811
"d0bebd3a-006f-45f4-be1b-4f031f8af454",35.3620810931316,-114.82439201811
"e9be3138-bf47-4b4b-87f3-36869cc6ba37",35.3620810931316,-114.82439201811
"3eadbf34-fa35-4dea-a0f2-e5d921dffdf4",35.3620810931316,-114.82439201811
"34a59f44-27ee-4995-9de6-7be2fe1e0e3b",35.3620810931316,-114.82439201811
"5e9dbd39-4d70-44fc-8151-31fa858c2373",35.3620810931316,-114.82439201811
"e9bec213-07ca-4a1c-9b80-5df392309b00",35.3620810931316,-114.82439201811
"04950116-8a57-42c8-a7f2-ff2337ac705b",35.3620810931316,-114.82439201811
"734c17c4-e9e9-44aa-83e4-35752ce2b013",35.3620810931316,-114.82439201811
"7b303e31-9fed-4e4c-a0c4-affa4b79890d",35.3620810931316,-114.82439201811
"ab52e5de-af41-4a53-a0d3-90397d479b94",35.3620810931316,-114.82439201811
"7f8ed58f-5ca8-4982-a822-8dcc4bf6ef54",35.3620810931316,-114.82439201811
"3458bc1c-6d77-4df7-8e89-8ec6cf609f93",35.3620810931316,-114.82439201811
"fda32636-c4c0-4ce5-9af6-120c4c612899",35.3620810931316,-114.82439201811
"cc42515f-5e6c-4aea-b232-7f73a008cb65",35.3620810931316,-114.82439201811
"adda4bfb-818f-457d-b36d-6f338cb4f151",35.3620810931316,-114.82439201811
"fbaaf625-8ac5-4a1d-b9ef-74166df37e70",35.3620810931316,-114.82439201811
"1c070049-f6f9-477b-9992-0a436f8ebd48",35.3620810931316,-114.82439201811
"f26c0861-7c12-40a6-a1fe-1d28ca1f488e",35.3620810931316,-114.82439201811
"be01ab3a-0f64-4fcf-81b3-c0df05489978",35.3620810931316,-114.82439201811
"b3f2a14f-89dd-45e0-a009-f99f98c33e71",35.3620810931316,-114.82439201811
"60e7985a-d1ce-4d0c-a786-52ac3fac6842",35.3620810931316,-114.82439201811
"deb3c724-3ce9-400d-85c8-24fb1ff68fe4",35.3620810931316,-114.82439201811
"810900ea-73a6-48bc-9750-cdaf57b83004",35.3620810931316,-114.82439201811
"6c543f15-daf7-4ee2-957b-6158047b4d61",35.3620810931316,-114.82439201811
"51f90775-fb26-42ba-b53a-96b75505aa5c",35.3620810931316,-114.82439201811
"38db426f-868e-47ee-a490-9dfbb6ec1a3c",35.3620810931316,-114.82439201811
"d4d9a4ca-9ee7-4c76-952a-16a7fa6b6aa6",35.3620810931316,-114.82439201811
"a0ae470d-968b-423a-b43a-cb84f470308d",35.3620810931316,-114.82439201811
"9aa83332-ffad-4e6d-9f48-bfa7820ea3fb",35.3620810931316,-114.82439201811
"2dba3e3a-047a-49bc-bcb7-89348407aab4",35.3620810931316,-114.82439201811
"691484f6-0b73-4d3b-b366-14ccf12b81f9",35.3620810931316,-114.82439201811
"af962a6f-fa96-4f10-ba33-2c36967ae5ec",35.3620810931316,-114.82439201811
"cb1a139c-e6d6-4bcc-8188-243933eb1d21",35.3620810931316,-114.82439201811
"b429cd85-e2e2-4eff-b27f-3eceaa60a97a",35.3620810931316,-114.82439201811
"71482faf-3568-4019-a715-ac28dc15eb6d",35.3620810931316,-114.82439201811
"a6742831-4600-44d3-ab81-bc2b5813c983",35.3620810931316,-114.82439201811
"67e149db-69d4-43f1-8cfe-ed6cab1d182c",35.3620810931316,-114.82439201811
"460b783f-7e40-4c5e-893e-a72c8c58595d",35.3620810931316,-114.82439201811
"44b38ed2-764d-4f13-9f5e-4ef707b7f962",35.3620810931316,-114.82439201811
"95ba161a-207d-48a1-bfbc-b963c1efbe41",35.3620810931316,-114.82439201811
"3ecec31f-fadb-4297-8848-4d18828cd90b",35.3620810931316,-114.82439201811
"d8a2c2a6-9c82-498c-bd00-8e1e5bf0c822",35.3620810931316,-114.82439201811
"f55c5d81-92ce-45d5-9c86-12f27f75bea0",35.3620810931316,-114.82439201811
"6b776ba3-92db-442f-bec8-e0009296a916",35.3620810931316,-114.82439201811
"dbaff315-c5d1-4e2a-ac7b-a40ce228cef8",35.3620810931316,-114.82439201811
"03f33ff0-9da3-439f-a088-0579415c14f7",35.3620810931316,-114.82439201811
"3fb9fa99-0c91-4736-9bb1-6b6b6b5801e9",35.3620810931316,-114.82439201811
"1239b7f2-4c9b-4e81-bc5b-2f918f917fdc",35.3620810931316,-114.82439201811
"57ac541c-73d3-4eb4-9659-1ef484051145",35.3620810931316,-114.82439201811
"1899d6ee-e20c-49f7-b762-e6fff2ce88f0",35.3620810931316,-114.82439201811
"838bd7e5-87d4-4a44-8ed2-dada426f68d9",35.3620810931316,-114.82439201811
"2713812d-82f0-4f7e-91d6-29bcaedcaa28",35.3620810931316,-114.82439201811
"0c209594-a27f-4ffc-8590-cd1ed1e1cb3f",35.3620810931316,-114.82439201811
"1ab388e7-5f6b-442e-a099-3e0d1a404388",35.3620810931316,-114.82439201811
"747db993-681c-4461-a20e-5a0953ccc5f7",35.3620810931316,-114.82439201811
"4bdc4405-45b8-4497-9121-616990cb0c76",35.3620810931316,-114.82439201811
"9539c8fb-61fd-4507-9ee1-1451af51ac89",35.3620810931316,-114.82439201811
"6204a65d-4202-4834-803e-7098daef2581",35.3620810931316,-114.82439201811
"b92bf6b2-a8e9-46b4-b840-e6fa821c3900",35.3620810931316,-114.82439201811
"fe461f29-03c4-4442-bd58-f3ca5b9ad619",35.3620810931316,-114.82439201811
"bc9c8806-6cd4-47a8-b4f8-d1cdcc4f2efc",35.3620810931316,-114.82439201811
"1a9cecf6-0811-4092-8566-532dc4a7594d",35.3620810931316,-114.82439201811
"1e0a869b-f647-4432-9116-cdb54c36950e",35.3620810931316,-114.82439201811
"418e1ee3-dd5a-43d9-831e-71eadd4298b9",35.3620810931316,-114.82439201811
"bf23abd7-e81e-4478-84c0-83a1739ef86c",35.3620810931316,-114.82439201811
"3c9f7ea6-b124-458b-ade4-4bf0e6593be3",35.3620810931316,-114.82439201811
"67670fb1-67d0-4a32-a91c-5fab24fc6c01",35.3620810931316,-114.82439201811
"5af69393-191b-4480-b840-5f08df1e9331",35.3620810931316,-114.82439201811
"a16968a0-be0d-4105-b990-a33d26657f91",35.3620810931316,-114.82439201811
"2aeb8cde-c7e6-4c1f-b23a-adfcc445b96f",35.3620810931316,-114.82439201811
"319f92e4-398e-479a-be82-ec76605802c4",35.3620810931316,-114.82439201811
"9bd72cc9-2757-4a09-8c68-42654b04aa2a",35.3620810931316,-114.82439201811
"a18071fe-1a53-4f38-a11d-04ca8a2c6d5b",35.3620810931316,-114.82439201811
"19a0e0c3-e0c4-4e73-984a-e9e617906f88",35.3620810931316,-114.82439201811
"a9f0b1b2-dcfd-44ad-b183-f2af9780bbfa",35.3620810931316,-114.82439201811
"382d44d6-2d31-4912-af55-8333b599bd09",35.3620810931316,-114.82439201811
"3bf5a2e9-5063-4df9-837d-0250f8f6ccef",35.3620810931316,-114.82439201811
"a5ac2b6d-e4a0-4502-8766-26c659e5060c",35.3620810931316,-114.82439201811
"f0989bf2-bfb9-4765-8bd2-16fbfeda493d",35.3620810931316,-114.82439201811
"cad8267e-66f9-4fea-9a4c-fb6ebbb2ed55",35.3620810931316,-114.82439201811
"4b20716e-2d5b-4a0c-8edd-ed21a5e6db41",35.3620810931316,-114.82439201811
"2a89331a-d8cf-4963-a9fc-3111a5dae6f6",35.3620810931316,-114.82439201811
"c98cbb30-56c8-445f-a806-7b8c6acf7d73",35.3620810931316,-114.82439201811
"b9e785ed-9bd0-4467-a107-23d99b335775",35.3620810931316,-114.82439201811
"69feb7c5-aa14-4904-bb73-79da0608d04e",35.3620810931316,-114.82439201811
"93ed4bb8-c0ac-4fd1-9b74-f4ad65c015cb",35.3620810931316,-114.82439201811
"c2311948-a63f-4def-8fa4-7e648ac81287",35.3620810931316,-114.82439201811
"e3533805-290d-4ac3-8d20-e8a1008516e2",35.3620810931316,-114.82439201811
"9c238174-a7ec-4170-943e-3a5042117614",35.3620810931316,-114.82439201811
"37b5ed23-2e9e-44c6-bdc2-23db5bbdef3a",35.3620810931316,-114.82439201811
"461f3efb-dc13-4850-9746-7195825534ea",35.3620810931316,-114.82439201811
"91b84edb-b5a3-463c-a8d3-2c7e4ca4e644",35.3620810931316,-114.82439201811
"fb9ab392-4c61-4c12-9217-b6a43d30943d",35.3620810931316,-114.82439201811
"047ca9a1-24d3-4698-85d6-e729158709e5",35.3620810931316,-114.82439201811
"8d3ba502-f356-482d-b17c-6d9b3e257da2",35.3620810931316,-114.82439201811
"dbef5ac6-61d2-4922-b655-4e5ff82186b7",35.3620810931316,-114.82439201811
"4d211e5f-fd27-4acb-8cb6-863dd27cca6a",35.3620810931316,-114.82439201811
"ef01e807-2ca3-44a1-a2f9-9b1aaa5af379",35.3620810931316,-114.82439201811
"db17c34a-c6d5-4517-9b3b-383d1f96dbc2",35.3620810931316,-114.82439201811
"05d00839-4436-41cd-9f09-3bca910f3811",35.3620810931316,-114.82439201811
"a564fc2d-78a3-478a-9388-02e0d491692d",35.3620810931316,-114.82439201811
"3b1c978a-8f6e-40a9-b2a8-4417ef3e5d6c",35.3620810931316,-114.82439201811
"3f15e63c-064c-4517-9f7b-06b612a44c1e",35.3620810931316,-114.82439201811
"3ddb026a-dd73-4bf9-932c-9b9d38c9cca3",35.3620810931316,-114.82439201811
"aea84cab-4696-4202-bb01-216eaac71b2e",35.3620810931316,-114.82439201811
"f4eaa16a-bf75-4b87-976f-1a940d86f965",35.3620810931316,-114.82439201811
"93e28dcc-1890-4e69-bd9e-a70fdc4bbe09",35.3620810931316,-114.82439201811
"2bb254f8-1bf4-434e-b98b-3e5edcc91fdb",35.3620810931316,-114.82439201811
"897c93e8-b4ac-43ec-9a94-acc2c181aa89",35.3620810931316,-114.82439201811
"8bd9c42c-f133-4530-b6ee-b84b4e9b365a",35.3620810931316,-114.82439201811
"ea0e39d3-dba2-4587-8e34-714a529b089d",35.3620810931316,-114.82439201811
"e1765c58-bc85-42c4-b035-326456f2c3b9",35.3620810931316,-114.82439201811
"c10a287b-64f2-4eb6-8bc0-5a621817a533",35.3620810931316,-114.82439201811
"73e6a131-ff39-4514-ac66-4d8f1cdb3846",35.3620810931316,-114.82439201811
"dd36a4aa-6809-4dfa-89ef-e00835107ec1",35.3620810931316,-114.82439201811
"67e2decf-ee91-4ad1-8692-8d59d2962e9e",35.3620810931316,-114.82439201811
"12daaad6-5ab0-426a-ac0b-7c3f8834d4de",35.3620810931316,-114.82439201811
"3b686b7f-8c12-4d4d-9ba9-88fcd41492a9",35.3620810931316,-114.82439201811
"81c4b600-7072-4ae2-bf9a-8a8517ee1da6",35.3620810931316,-114.82439201811
"f85f528d-91b3-4b3a-9c2e-1f288a73834b",35.3620810931316,-114.82439201811
"b14d0bee-0d08-4f6e-9680-f9da92fbad6f",35.3620810931316,-114.82439201811
"18d0cab6-7989-443a-80e9-566753762135",35.3620810931316,-114.82439201811
"4c28a877-60a0-4a11-b516-c2dc5c6052ee",35.3620810931316,-114.82439201811
"70ea1add-9a4b-4e51-bf33-846882299b37",35.3620810931316,-114.82439201811
"57efcde7-a7a7-414e-86aa-32ce7e334cca",35.3620810931316,-114.82439201811
"03a930f7-3d02-46c9-b0db-4a5e6207fdfe",35.3620810931316,-114.82439201811
"1d79c354-0fe0-448d-92c4-29e3055b6d1e",35.3620810931316,-114.82439201811
"c8727bb8-72ae-42a5-9c00-768fccf4c878",35.3620810931316,-114.82439201811
"c2f92a2b-c3e5-4f4c-90ac-dd70d4576150",35.3620810931316,-114.82439201811
"d8f2f479-58eb-4bdc-9d18-960a7ccccc0a",35.3620810931316,-114.82439201811
"29de3fde-eab5-4491-94f7-b88d87c0d15a",35.3620810931316,-114.82439201811
"761fb7a0-58cd-49f1-b747-856aa2c7ef6d",35.3620810931316,-114.82439201811
"561e3ed0-7e89-44dc-9353-e39cea0d8661",35.3620810931316,-114.82439201811
"63d2ca11-5158-4b36-815f-ca1ed873333e",35.3620810931316,-114.82439201811
"3ae13d9b-f907-4a97-9a24-447f2d2c47d7",35.3620810931316,-114.82439201811
"62fea6ce-aae6-4d0a-a0b1-150425f90971",35.3620810931316,-114.82439201811
"213fa54c-960a-4624-acd4-4cb2ac2d5a2d",35.3620810931316,-114.82439201811
"7c82f7a3-a48c-4180-8fef-dfd9e53940a4",35.3620810931316,-114.82439201811
"5aa2ec02-d542-412d-b7ee-710753d2a473",35.3620810931316,-114.82439201811
"7b173245-2ba0-48dc-94b9-a7a982f354f1",35.3620810931316,-114.82439201811
"a1330c09-5c56-4e07-9e77-05eeca64f42b",35.3620810931316,-114.82439201811
"0ee5db7d-f15e-455e-bda5-c5aa4cee8dd1",35.3620810931316,-114.82439201811
"e03d6217-b8af-4fb1-9877-f976000e0a15",35.3620810931316,-114.82439201811
"6a458ad4-d213-4b12-8bc0-2e787baff245",35.3620810931316,-114.82439201811
"4227e057-48f6-43eb-8805-722a70d93831",35.3620810931316,-114.82439201811
"f727738b-c560-4b89-90fc-0b7cc9342de1",35.3620810931316,-114.82439201811
"5c999b6e-3b28-4622-8891-d448e94e0522",35.3620810931316,-114.82439201811
"c6a2f733-2864-4c88-b87f-d905780c20d2",35.3620810931316,-114.82439201811
"30561e8c-e82b-41a9-9257-e04ec6e33b73",35.3620810931316,-114.82439201811
"ec1ad0f1-73b4-40fa-a876-c7624ed5746a",35.3620810931316,-114.82439201811
"2f75fc5e-0d1a-4344-b3f4-fecfe6539d55",35.3620810931316,-114.82439201811
"bf11067f-6202-475e-8668-7abf5a83ba8f",35.3620810931316,-114.82439201811
"867f2b70-7535-4bc6-bdf8-0b0b08850369",35.3620810931316,-114.82439201811
"23199adc-6514-49ff-b673-91d396fb2c32",35.3620810931316,-114.82439201811
"8e48faed-c108-48da-9333-5c807623c548",35.3620810931316,-114.82439201811
"081c651c-07c7-4bf0-a6e6-cbb8e6896e0c",35.3620810931316,-114.82439201811
"af5cae12-6a52-4031-b40c-d172d7b59ae6",35.3620810931316,-114.82439201811
"e209f057-8524-4ca5-bf00-e74b3b3f60df",35.3620810931316,-114.82439201811
"b380f06a-8641-4907-beef-20737c4b7612",35.3620810931316,-114.82439201811
"f49f0a4b-42bd-474a-8e04-e74f7595540c",35.3620810931316,-114.82439201811
"d4102682-c854-426b-852c-4c57f5308d97",35.3620810931316,-114.82439201811
"bf96b10f-fc47-406d-b67e-a67ce964c88f",35.3620810931316,-114.82439201811
"98badf7a-b2d9-4516-82b6-12f32eb10d25",35.3620810931316,-114.82439201811
"8130b039-205c-4d6c-94a0-e5b296882c1a",35.3620810931316,-114.82439201811
"451ae87f-fbee-4907-8e80-a004b3e4c6ef",35.3620810931316,-114.82439201811
"1466441e-ab70-47cb-b4ad-a633c8f72272",35.3620810931316,-114.82439201811
"d2990945-3546-4e9e-ba29-692af39f0d33",35.3620810931316,-114.82439201811
"c436742d-7584-43f2-951a-de5f093cad4e",35.3620810931316,-114.82439201811
"2a446bbd-0928-4e27-8ff5-2a42001eb664",35.3620810931316,-114.82439201811
"af072625-1663-46f1-b002-84a01ed585a2",35.3620810931316,-114.82439201811
"0ba42f7c-9c05-4b36-809a-a34f580814e8",35.3620810931316,-114.82439201811
"7b4e8911-1429-4e16-b8c1-19401d8047cd",35.3620810931316,-114.82439201811
"9990b9e2-60de-4214-9f92-f453d214e652",35.3620810931316,-114.82439201811
"d4e8c0dd-2a29-431c-8c53-06793df62e5e",35.3620810931316,-114.82439201811
"afe1155e-2748-4eda-a34d-852d29c0a3bd",35.3620810931316,-114.82439201811
"fa450aa6-8711-4ee7-a802-dd455eb14752",35.3620810931316,-114.82439201811
"ca68a440-43e3-4d71-a84e-62ceea65d0a0",35.3620810931316,-114.82439201811
"1a318db8-3875-45ec-a54a-896228403aec",35.3620810931316,-114.82439201811
"1f7faac8-56c3-4596-b3e7-3c7a2948e74f",35.3620810931316,-114.82439201811
"e47ff5e5-0939-43ce-bd2d-e1642524ff83",35.3620810931316,-114.82439201811
"9b67584f-b40b-4438-9878-3c5b6c124ae4",35.3620810931316,-114.82439201811
"f2c24384-b66b-4d00-8d9d-9ca38ad5d6c1",35.3620810931316,-114.82439201811
"ab26a6e4-7845-477e-892c-8177123fe602",35.3620810931316,-114.82439201811
"f2ed2c5a-b4be-41f1-8f41-6746c0cde655",35.3620810931316,-114.82439201811
"d76cfc11-15a4-4475-b320-ad5466984091",35.3620810931316,-114.82439201811
"d2848a22-3c47-47f7-b8d6-0518f8408603",35.3620810931316,-114.82439201811
"9be2ba26-6b5d-4fc8-95da-9a72ba9a3d7b",35.3620810931316,-114.82439201811
"a4cdb792-ca10-41e2-bb29-14bd71c2d1ba",35.3620810931316,-114.82439201811
"51421a2d-21eb-4d94-ac32-a0399959817e",35.3620810931316,-114.82439201811
"632aa0fb-7bd2-4c7c-984e-c974af9a0308",35.3620810931316,-114.82439201811
"4b5a6407-c0bc-4a4c-b6d4-acac9062696e",35.3620810931316,-114.82439201811
"4c4ab47e-e5fa-4ff2-b908-5f1f416232bb",35.3620810931316,-114.82439201811
"9b480e42-adc1-4be4-92e0-328ef1bb0f40",35.3620810931316,-114.82439201811
"3b62c493-5aad-47d0-9a25-1c00271b34aa",35.3620810931316,-114.82439201811
"eb16af31-336e-4f74-8c43-4856eba6123e",35.3620810931316,-114.82439201811
"9ee9b03b-9a51-41e7-96e0-2b66ba520059",35.3620810931316,-114.82439201811
"45a48f90-b1c6-4b38-a8a9-517686bbb2f2",35.3620810931316,-114.82439201811
"8c99216a-9b5e-49e3-b455-973d57862f10",35.3620810931316,-114.82439201811
"2e8ef02f-3c22-4979-8b3a-921215f4f9be",35.3620810931316,-114.82439201811
"7b918926-561f-41cb-8b1b-441d5123a270",35.3620810931316,-114.82439201811
"845c4d10-2d33-4138-82dd-5d116d733359",35.3620810931316,-114.82439201811
"57c1c369-e886-469b-bd68-218e9d1c489d",35.3620810931316,-114.82439201811
"0021b1bb-13e6-4800-9fa1-c0eba3c15d27",35.3620810931316,-114.82439201811
"4748d7c1-e289-43ae-8b7b-3e4e718b97e8",35.3620810931316,-114.82439201811
"6e92d1d3-cea7-4a21-838a-160228430fca",35.3620810931316,-114.82439201811
"aabd72f5-24bf-4bed-90a1-7be6feea5e0a",35.3620810931316,-114.82439201811
"7f24e597-7ec6-41b8-98b3-cac111d2c183",35.3620810931316,-114.82439201811
"39885d45-9777-4deb-aff2-08cb28738b1b",35.3620810931316,-114.82439201811
"d5a531c7-c57c-4367-a1af-58bf3ed8a3fc",35.3620810931316,-114.82439201811
"08ba32c1-f1c6-4637-9087-917929fa2e1b",35.3620810931316,-114.82439201811
"0eebbcaf-d730-42b4-bf9a-e1a843e0b90e",35.3620810931316,-114.82439201811
"9503d2d8-2e97-4432-9384-8adaa6a1ef1e",35.3620810931316,-114.82439201811
"e26c1ac4-ad92-4841-8c26-c6649e63c8a1",35.3620810931316,-114.82439201811
"42584889-968a-43b4-b418-2e6a5d35ffa9",35.3620810931316,-114.82439201811
"59e42139-7e8f-4cca-b31f-315a1645d45f",35.3620810931316,-114.82439201811
"59061ef3-9164-49c6-b99b-e09f4cd64ba1",35.3620810931316,-114.82439201811
"dbb527a0-febb-4039-8a2b-1b7387d6eb2c",35.3620810931316,-114.82439201811
"b19288d6-fe54-41a4-9e9e-042e829eae30",35.3620810931316,-114.82439201811
"fdb754a4-b36a-428e-be35-907fcafc614d",35.3620810931316,-114.82439201811
"fd166b3a-8fe8-410e-8791-aed08e389b37",35.3620810931316,-114.82439201811
"90b1f2da-d2b1-4ea7-8c3d-e31bc42ee7ff",35.3620810931316,-114.82439201811
"f0edb38e-ca43-4b16-b498-509399a75627",35.3620810931316,-114.82439201811
"532dbb72-1de2-4a3b-a922-2733b9267263",35.3620810931316,-114.82439201811
"d7ac114e-b6cc-48ce-83c5-49a5ed479370",35.3620810931316,-114.82439201811
"3e5e9c7c-e616-452e-b944-2962c763a262",35.3620810931316,-114.82439201811
"bedb8612-f9a5-42e3-b5e6-599384aee111",35.3620810931316,-114.82439201811
"bf2e9f77-9342-43c8-994f-d47c94a4a26d",35.3620810931316,-114.82439201811
"aaac36e2-8ee9-4b09-a33a-15752dfbb51a",35.3620810931316,-114.82439201811
"c1a41bae-ab1e-44d4-b824-28f2d97bcb63",35.3620810931316,-114.82439201811
"0b9467f1-ba6d-4d96-a6b7-ebffd0fa58f8",35.3620810931316,-114.82439201811
"e44187cd-0da9-4830-9ab2-e1733510843c",35.3620810931316,-114.82439201811
"8da850d1-c4a9-4dc2-92f6-11b46936505e",35.3620810931316,-114.82439201811
"9b2ca20c-b7b8-4d31-92b8-13e48a0ccfef",35.3620810931316,-114.82439201811
"9d1eee99-4d6c-42f6-a871-bc74a5f6bb7a",35.3620810931316,-114.82439201811
"a27d1665-ec0c-4e20-bfee-3f281f6a3db6",35.3620810931316,-114.82439201811
"63fe6fd0-d4ef-4371-a759-027d1d00134b",35.3620810931316,-114.82439201811
"36b9dda6-4cfc-4ccb-b280-2fb565c874fb",35.3620810931316,-114.82439201811
"211c2249-4c4b-41ea-8723-aa0558ca03d3",35.3620810931316,-114.82439201811
"941cad52-95f7-4a4b-ab9a-6d8d82f922e3",35.3620810931316,-114.82439201811
"e613a1b9-5c89-4b2a-b93c-099da5fa9f10",35.3620810931316,-114.82439201811
"ad75f76a-4b50-4cfb-8390-e12653e6b7f4",35.3620810931316,-114.82439201811
"7e70b4f9-d760-4253-a743-8ef880cb9a90",35.3620810931316,-114.82439201811
"5d332684-943e-4379-ad4f-56d20b3bdac2",35.3620810931316,-114.82439201811
"611a4ad0-ca3a-472e-bbb3-8a795bc56877",35.3620810931316,-114.82439201811
"5d7ae8ab-9201-4c09-9cec-2ce93eef4b5c",35.3620810931316,-114.82439201811
"e7b6b1ba-28c6-40fa-bb62-eaacd9944db4",35.3620810931316,-114.82439201811
"4af32225-bd43-4551-8369-79e7d08ac0c2",35.3620810931316,-114.82439201811
"08f1df8f-0b20-4612-9fd2-707c8e0b671b",35.3620810931316,-114.82439201811
"f758473e-0f8d-435c-b772-67d6648885e1",35.3620810931316,-114.82439201811
"2a95ea03-4ec2-4929-ae05-0e140afc4507",35.3620810931316,-114.82439201811
"8861ac5a-9541-4592-9365-74abe49b0a50",35.3620810931316,-114.82439201811
"350ebafe-8b43-4391-8020-2b2120636823",35.3620810931316,-114.82439201811
"c4550319-d347-4987-862a-a4b7018eac14",35.3620810931316,-114.82439201811
"185d2195-0659-4e61-819a-f687177a587d",35.3620810931316,-114.82439201811
"de2a392f-ed4f-4492-bb30-0622ba3669e8",35.3620810931316,-114.82439201811
"e567d819-b29c-4fc1-9e5a-5242a18bb390",35.3620810931316,-114.82439201811
"416e3e84-760f-4229-ae0f-3457136f9e5b",35.3620810931316,-114.82439201811
"70555414-b158-4367-a7d9-1dbfae97bf40",35.3620810931316,-114.82439201811
"43f5c21e-f24a-4d65-9af3-4fdb63a73a15",35.3620810931316,-114.82439201811
"6d2c7a00-3c65-490f-944e-c0c8ce7f81ad",35.3620810931316,-114.82439201811
"dc6996ad-8446-4b5f-9266-d76e322f54b3",35.3620810931316,-114.82439201811
"be4dfd31-76c4-4483-88b4-0091279c7ad1",35.3620810931316,-114.82439201811
"7f8a4b5f-63ba-4c20-9a2a-cdc8dbb6c706",35.3620810931316,-114.82439201811
"c3d94b30-cdd4-4749-8cc4-2c7bb944acda",35.3620810931316,-114.82439201811
"d4108e6e-e6af-4bf1-904b-2deafdd33154",35.3620810931316,-114.82439201811
"d5483b18-0fc5-4dc8-9459-6b2fe21c4db0",35.3620810931316,-114.82439201811
"3576bc92-2676-4b3c-a1e1-e9d53f587c9f",35.3620810931316,-114.82439201811
"88d89623-94de-498c-9b47-907d2866e9c4",35.3620810931316,-114.82439201811
"f6239036-6cfb-4d46-99cb-1d988c6034ce",35.3620810931316,-114.82439201811
"7162ff22-39fd-4ddb-8e78-de5748388ab5",35.3620810931316,-114.82439201811
"fa14381c-3cc0-4522-9087-c4d6f8d5c37c",35.3620810931316,-114.82439201811
"ad8ade95-9f0f-4d36-8134-fbc74f15013d",35.3620810931316,-114.82439201811
"c12649dd-091e-4752-90ea-df901a3ca921",35.3620810931316,-114.82439201811
"35d642e3-042b-418c-90bb-b4a5fa008b64",35.3620810931316,-114.82439201811
"17369927-a104-4812-b6ee-2361c5277f61",35.3620810931316,-114.82439201811
"f3537107-3f34-4255-8d03-7b4ded7b7850",35.3620810931316,-114.82439201811
"c99ec21c-2e11-4360-8503-d8990e24b1ab",35.3620810931316,-114.82439201811
"3d75e719-bf0e-406b-ae11-8d30c2b48db7",35.3620810931316,-114.82439201811
"d7ccf02d-d35d-4d67-a3b6-d5f00f780b21",35.3620810931316,-114.82439201811
"80f80d7a-ee59-4eee-8558-d01da4cb853d",35.3620810931316,-114.82439201811
"193d043c-a0fd-4649-bbe2-528ad2ec5020",35.3620810931316,-114.82439201811
"c9134ef6-3ef1-48c6-b1f7-d96ac5a168af",35.3620810931316,-114.82439201811
"927a6046-9e60-43b1-8fd3-8e09143be750",35.3620810931316,-114.82439201811
"f7899b68-64ee-4782-afb7-f861e0b31ecd",35.3620810931316,-114.82439201811
"35a1bb73-8ea5-4141-afa3-450704db5e30",35.3620810931316,-114.82439201811
"3d8eced5-8d09-4fa5-8953-9a6716235f98",35.3620810931316,-114.82439201811
"aa0fda75-05d2-4296-88b0-44ad001a55c6",35.3620810931316,-114.82439201811
"fa7def3c-48e4-48a4-b3be-9ba8c3b68298",35.3620810931316,-114.82439201811
"b68d376b-1631-4ba4-af1c-958699051fed",35.3620810931316,-114.82439201811
"5a750da8-8ff7-4641-8c67-c2d36670a133",35.3620810931316,-114.82439201811
"9297d81b-4b86-40cd-91d4-9caa3572d2d9",35.3620810931316,-114.82439201811
"9f9e316f-9757-4b75-8972-0acf3e5b30d3",35.3620810931316,-114.82439201811
"e12101e1-6b46-48c2-8594-284f3fd2c91c",35.3620810931316,-114.82439201811
"73f03f65-1b2a-45bc-9600-ab4f65c372bc",35.3620810931316,-114.82439201811
"261440a1-c2c4-4e08-969e-4e5092c754cc",35.3620810931316,-114.82439201811
"7dc0b63d-cdd8-4740-a4e8-a84a634ed7db",35.3620810931316,-114.82439201811
"d021932d-2b96-4eef-bdbf-53cfbe21fc57",35.3620810931316,-114.82439201811
"c43524cf-a773-44c0-ba15-f3aaf35fd609",35.3620810931316,-114.82439201811
"6433f081-4bdd-44ec-ad45-7e426692e334",35.3620810931316,-114.82439201811
"7c07a284-bd61-4c23-896a-b2d15ca66aa1",35.3620810931316,-114.82439201811
"840aa9d2-4e71-477c-8f53-ca67b4060335",35.3620810931316,-114.82439201811
"02804831-3797-48f5-a606-77a157c72466",35.3620810931316,-114.82439201811
"6276ca1c-da17-45da-9ec2-cf7bdc712b0c",35.3620810931316,-114.82439201811
"f2f5d07e-ef88-42ae-b98a-ba961bb7d8b9",35.3620810931316,-114.82439201811
"c49d4ce9-2a5e-4920-9c82-e15c5f5ae2cc",35.3620810931316,-114.82439201811
"0bd008ee-2195-4375-9fb0-fe82b86455b3",35.3620810931316,-114.82439201811
"e5c98748-9c02-409b-b651-5dca3aebf099",35.3620810931316,-114.82439201811
"bdfbeb1c-10ca-49e8-8c45-a1d4076f2478",35.3620810931316,-114.82439201811
"fabc80f2-799c-43f9-9836-d8907d0b4e1c",35.3620810931316,-114.82439201811
"caae0980-d4aa-440f-b8b0-1314e0378eda",35.3620810931316,-114.82439201811
"a2371854-ec44-4142-94c1-18c4274b4758",35.3620810931316,-114.82439201811
"5ce81d03-c8ac-45af-aa74-83785da38169",35.3620810931316,-114.82439201811
"4487c068-0413-457f-8951-cfb81ed6ddfb",35.3620810931316,-114.82439201811
"ad3df400-a571-4c8b-a89d-020bc945e8e2",35.3620810931316,-114.82439201811
"ae94d851-b8b5-459f-a79f-378a60d0e4e9",35.3620810931316,-114.82439201811
"fa6acef5-947f-4a1a-ab72-f4e9d347cbaa",35.3620810931316,-114.82439201811
"92dd1e2c-a60b-4ff2-a27a-a98000ed7541",35.3620810931316,-114.82439201811
"4b72e468-8941-41b2-8e6f-7cecee1de19c",35.3620810931316,-114.82439201811
"c315fd4f-7312-4089-ba43-665df89ce7ee",35.3620810931316,-114.82439201811
"d5714ebd-e027-43e1-a162-cbcc251c26c6",35.3620810931316,-114.82439201811
"702c6a8d-c69b-447a-ae5a-58644fec37c1",35.3620810931316,-114.82439201811
"9ed45b21-c3a1-4c89-8dfb-4e2c76079830",35.3620810931316,-114.82439201811
"19355991-b120-4333-a3f2-7195ccd3984d",35.3620810931316,-114.82439201811
"d4914c55-9ace-4e5b-90ec-99927210a897",35.3620810931316,-114.82439201811
"1a769ee6-71e1-4a01-a82e-8618128fcb60",35.3620810931316,-114.82439201811
"08f0339d-35e4-432d-9dd2-b4d29ff97c31",35.3620810931316,-114.82439201811
"4f00b382-06ac-4494-a181-e4c1b9d63ad0",35.3620810931316,-114.82439201811
"b581ddd4-c6e3-4474-8070-11306c6436b9",35.3620810931316,-114.82439201811
"4c176f24-3d49-4012-8aff-10f7f3bb94fd",35.3620810931316,-114.82439201811
"71993d91-81e2-4610-8560-761e533a339e",35.3620810931316,-114.82439201811
"9af4d16f-2b3a-43d1-bc7b-74c293649a68",35.3620810931316,-114.82439201811
"07e88c07-8346-4a89-bdde-749c03ca9646",35.3620810931316,-114.82439201811
"fadd36e8-f799-42ae-85ea-042b97ecb189",35.3620810931316,-114.82439201811
"ac3175bc-e956-4891-af95-9e60cbbb706f",35.3620810931316,-114.82439201811
"2458c48b-3d20-49a8-9cc8-20ecf8fb07e6",35.3620810931316,-114.82439201811
"982eaf0b-4efb-4ebe-92e0-1dd5a3f71adf",35.3620810931316,-114.82439201811
"d9c956ad-82cf-4424-8642-de835cedd642",35.3620810931316,-114.82439201811
"8571327c-906e-4035-8235-4236beb4963a",35.3620810931316,-114.82439201811
"6ed48720-5b18-4fb2-89b4-fe277a193463",35.3620810931316,-114.82439201811
"2d297064-9c5e-43c1-a4f5-f51c0026bc87",35.3620810931316,-114.82439201811
"260e9e5a-7db2-48f1-86ed-c41930e9e003",35.3620810931316,-114.82439201811
"1c0dc5c1-9684-4f1b-961d-bdcd6ab390a2",35.3620810931316,-114.82439201811
"4884f3d0-bd33-47bc-a700-2807a4d80c44",35.3620810931316,-114.82439201811
"0a0d8fc6-c12b-436a-9ec5-65f07a1c0beb",35.3620810931316,-114.82439201811
"c6e16956-1d2d-4e07-837c-657a4b7c5f90",35.3620810931316,-114.82439201811
"93f9deb1-9178-4653-8ecc-21159c949ca4",35.3620810931316,-114.82439201811
"69b4cd38-cf4d-497e-92ae-7eee5a7fe40a",35.3620810931316,-114.82439201811
"0b9e4a66-35af-4282-b861-629211f577cc",35.3620810931316,-114.82439201811
"6d72623f-5c0a-4a6c-81cf-99071fa7e252",35.3620810931316,-114.82439201811
"0d13c24d-19f7-4417-b0aa-611cb955dbfa",35.3620810931316,-114.82439201811
"4f28511a-9985-416a-95de-65efeee69748",35.3620810931316,-114.82439201811
"4499c3cd-946e-4b37-b999-30ca232ab54c",35.3620810931316,-114.82439201811
"80e2279a-c8bc-4084-92f6-dc0528320417",35.3620810931316,-114.82439201811
"59b66b75-0f8f-4a42-a007-7ea096636715",35.3620810931316,-114.82439201811
"2ee45723-d059-493b-b7e6-9396e21114c9",35.3620810931316,-114.82439201811
"5f2357b1-6d63-46be-9d75-88b0fd30a604",35.3620810931316,-114.82439201811
"183559d3-8146-4cee-bbd2-3ac0b7636926",35.3620810931316,-114.82439201811
"9640126e-cf19-4744-9d38-35d8b574e2d2",35.3620810931316,-114.82439201811
"261e19c3-1083-491c-8d2a-509dba7c1878",35.3620810931316,-114.82439201811
"c3b7cf30-8497-4916-aa95-f01863b2483f",35.3620810931316,-114.82439201811
"2e5fc2ad-f58c-45c3-a879-7b22ebb04d92",35.3620810931316,-114.82439201811
"77d1a81b-4640-4897-9b21-e89f89bf97ea",35.3620810931316,-114.82439201811
"a7a8beef-64f8-4e60-a5c9-4c4dde2eb943",35.3620810931316,-114.82439201811
"b4bd043f-e30f-4ba3-9b68-49519896ec44",35.3620810931316,-114.82439201811
"30ddd1f5-75c5-4286-a37a-688981e45849",35.3620810931316,-114.82439201811
"84d07a1a-598c-4666-92cd-63eda59693be",35.3620810931316,-114.82439201811
"c567cf3e-805f-441d-b1e3-d57728cc993d",35.3620810931316,-114.82439201811
"d6353ffe-b3c6-4e50-99cb-447e950867ba",35.3620810931316,-114.82439201811
"5b3b02fe-0679-4a69-9bc4-7adf913b035f",35.3620810931316,-114.82439201811
"fd4d4d7c-4e1d-4b1f-b3ef-6ba708155059",35.3620810931316,-114.82439201811
"6adf4c50-0f08-411c-83ea-189ab29aeb03",35.3620810931316,-114.82439201811
"d2ba63d8-73ac-47f9-acbb-79a8647ae3d4",35.3620810931316,-114.82439201811
"924b2c0b-ba4e-4d8f-94f8-b44c6f0e47e3",35.3620810931316,-114.82439201811
"234fa9d3-d161-4393-8914-d20df7742264",35.3620810931316,-114.82439201811
"44c8b7f0-b25f-43d4-9c57-995a0805457d",35.3620810931316,-114.82439201811
"a0f5ddd9-0094-4e44-9d0f-0b83fcbe6c9f",35.3620810931316,-114.82439201811
"3a2aa637-d0fe-48c1-a0a4-0f4e4fa479cb",35.3620810931316,-114.82439201811
"34fa3e32-b02f-4d8b-b154-6a3d83738ec4",35.3620810931316,-114.82439201811
"4491c681-c360-4067-a95d-43293226eee2",35.3620810931316,-114.82439201811
"25c2a9ba-0e00-40c4-997d-fe106d59078f",35.3620810931316,-114.82439201811
"7a66795d-5957-4521-bd6a-6d6f90e3f317",35.3620810931316,-114.82439201811
"efb447c6-2156-4863-96de-ef7698fffbe4",35.3620810931316,-114.82439201811
"8efeb1b0-f2fe-4c72-a562-d494aa9876c6",35.3620810931316,-114.82439201811
"bf6f3b63-5af5-47e8-8cfd-28c760dabaa6",35.3620810931316,-114.82439201811
"28c95106-c452-4a68-8e10-3a0f59a70bf3",35.3620810931316,-114.82439201811
"b6e6be6f-b22d-4d9a-a363-c05c75d5a112",35.3620810931316,-114.82439201811
"67659de0-57d0-4dde-bf6c-6df48c4e8818",35.3620810931316,-114.82439201811
"5bea7c44-e06c-4b2a-8233-05d86906b996",35.3620810931316,-114.82439201811
"f88b475c-a283-403e-b81d-19dadb6ac0e9",35.3620810931316,-114.82439201811
"98a2aa54-ccc8-4813-a2e8-897aa3be4fd7",35.3620810931316,-114.82439201811
"d46a3644-8316-436d-a75e-2d6dcc1aed66",35.3620810931316,-114.82439201811
"82067ede-4a9b-456b-9e43-2508601a61a6",35.3620810931316,-114.82439201811
"945d93f0-2bc7-4f17-b3c2-dea8009bf22e",35.3620810931316,-114.82439201811
"27b89dc2-718d-42bb-a9e1-6411b343bb7a",35.3620810931316,-114.82439201811
"1ffcf6ea-e875-43d5-911c-41f51c135721",35.3620810931316,-114.82439201811
